order	context_id	preview_url
1	ac135c6c8ae34d8e825820b5fef77f07	https://storage.googleapis.com/adm--audio-playback--7d--public/mcp-preview/db38f76f-c90e-484f-bcf4-a0d80eaf51cc.mp3
2	90c610a7971e4455a100a4355f1d4cb7	https://storage.googleapis.com/adm--audio-playback--7d--public/mcp-preview/db2f4eb1-1f93-4acf-9ad8-1bcb9914a5de.mp3
3	40967686ab7841bb8a77588f17847ab3	https://storage.googleapis.com/adm--audio-playback--7d--public/mcp-preview/263cb996-81d8-4674-ba77-25074ec4d7e8.mp3
4	ccd7290a09304c4a88fd1a729b270eb1	https://storage.googleapis.com/adm--audio-playback--7d--public/mcp-preview/6f438f4e-fdd0-420d-ba64-447630f0b3d0.mp3
5	9dbc945d08b54ba8b9e4fa3295b1ba77	https://storage.googleapis.com/adm--audio-playback--7d--public/mcp-preview/2324003d-4326-4b13-9080-426eee02b1ec.mp3
6	d5eb086354c44ca5b41552ce0cb6d45c	https://storage.googleapis.com/adm--audio-playback--7d--public/mcp-preview/66c1097a-0eed-41a5-876d-01c8c5f08c0c.mp3
7	70eed486f40842b8ba90ca76d326a2ff	https://storage.googleapis.com/adm--audio-playback--7d--public/mcp-preview/85a442c9-5125-4ab1-97a8-651e158edc19.mp3
8	6eeb23608a0542608981af845201e005	https://storage.googleapis.com/adm--audio-playback--7d--public/mcp-preview/0952b7ff-3fdb-41a7-a580-1443349bab32.mp3
9	4d0f3ef896854741ac47ea4a5180fb96	https://storage.googleapis.com/adm--audio-playback--7d--public/mcp-preview/b53ba4c9-a5e2-4a88-b4a9-b655f1af2b9c.mp3
10	cd44caca8a7746e4999c2bb895d5da74	https://storage.googleapis.com/adm--audio-playback--7d--public/mcp-preview/e8c3c822-abd3-462e-b6c3-88125310e51f.mp3
