01	fb0012b2ea6e47ec9d9928c290dc8d49	https://storage.googleapis.com/adm--audio-playback--7d--public/mcp-preview/123a610e-cebe-441e-ad06-fb12c140dae5.mp3
02	9cadf86b267d4d4884a23bc01fe46143	https://storage.googleapis.com/adm--audio-playback--7d--public/mcp-preview/3b38c172-32a4-4045-acef-b3fe0749a08f.mp3
03	1967767b597443d1948e4505de912795	https://storage.googleapis.com/adm--audio-playback--7d--public/mcp-preview/dd0fec74-e716-4a96-bb94-49eb6cbf54fc.mp3
04	27bd84e77df749baa98770992ad15a6c	https://storage.googleapis.com/adm--audio-playback--7d--public/mcp-preview/22fd6da2-0df1-4b63-8816-8bf921efbc16.mp3
05	21579708560f4f7b8eac91ed5403b157	https://storage.googleapis.com/adm--audio-playback--7d--public/mcp-preview/651833e1-bfa7-45c1-bb94-2b9672446855.mp3
06	679141e0faa74602a91b115b064072ac	https://storage.googleapis.com/adm--audio-playback--7d--public/mcp-preview/a434b171-d359-46ad-a95e-50b39b6f7840.mp3
07	d494cb91542042b48899a744f9bd199e	https://storage.googleapis.com/adm--audio-playback--7d--public/mcp-preview/b503b829-257d-4729-b159-e4a3d9393360.mp3
08	6584b886b2fd43299ab65ee5f7d5c88e	https://storage.googleapis.com/adm--audio-playback--7d--public/mcp-preview/42e2b9e9-ad81-4924-8eef-1dfd4f83229a.mp3
09	b9b0786b2dc346f29af1767cc89c938a	https://storage.googleapis.com/adm--audio-playback--7d--public/mcp-preview/4c18a661-a8b2-4eec-aec3-9a6b7a1cde3a.mp3
10	17aa405dc61f4c9f9c2b9fe80239836f	https://storage.googleapis.com/adm--audio-playback--7d--public/mcp-preview/febb2691-a2fa-4a17-a4f6-238bf831c847.mp3
11	a1160deca2d34b148d38b0185c636ba0	https://storage.googleapis.com/adm--audio-playback--7d--public/mcp-preview/40f2f297-a942-4eb8-827d-de327dd974fd.mp3
12	c8656808f5bc43d588d968900793b77d	https://storage.googleapis.com/adm--audio-playback--7d--public/mcp-preview/1d3f0506-b71f-4dd0-8619-117d06876611.mp3
13	31f3f498ca09499eb27d5f312daa78a0	https://storage.googleapis.com/adm--audio-playback--7d--public/mcp-preview/3f02fdd6-82be-47c0-880a-65460c895c0d.mp3
14	d0d493761ffb46e5866d404c2ad7deee	https://storage.googleapis.com/adm--audio-playback--7d--public/mcp-preview/ca1cb79c-72f6-4b73-8540-a8ff2dc44358.mp3
15	bec2a37522b543708e0069356cc55e1b	https://storage.googleapis.com/adm--audio-playback--7d--public/mcp-preview/00efc6b1-1700-45f1-9611-c8d8f049253e.mp3
16	117144ef5628447ab7d121bb1e6ab8ab	https://storage.googleapis.com/adm--audio-playback--7d--public/mcp-preview/d5bd73d3-cfeb-4496-8cff-9fb716fb1262.mp3
17	13bfe38a38534d0f8e4bd7bcfd943961	https://storage.googleapis.com/adm--audio-playback--7d--public/mcp-preview/833dc5dd-a4f5-4406-bfc5-50c5c7f76c86.mp3
18	690ef990b65a44d19a204da7d62947d8	https://storage.googleapis.com/adm--audio-playback--7d--public/mcp-preview/4a904bc7-1a3e-4d7a-ade2-ecf6d58ace59.mp3
19	d08edcdb90c84a36b26dfb8e4f2b5a61	https://storage.googleapis.com/adm--audio-playback--7d--public/mcp-preview/77b4fb5e-a7a8-47a5-b64c-212deee668c4.mp3
20	22406ce2f37b473d94b7cd9e203b5b83	https://storage.googleapis.com/adm--audio-playback--7d--public/mcp-preview/7c2c2cb2-d621-47bd-93c2-b1d8d911d8d7.mp3
21	9c50fba146c84ff8b352d916e280ba27	https://storage.googleapis.com/adm--audio-playback--7d--public/mcp-preview/e2260476-be2d-4bdf-b910-e68595528dd8.mp3
22	b108b32da8e44f61b6406307e491a476	https://storage.googleapis.com/adm--audio-playback--7d--public/mcp-preview/987f6a3f-3e2d-424f-957f-ac39c714e53e.mp3
23	4ca8adae384548fab37e60f2d0c757b2	https://storage.googleapis.com/adm--audio-playback--7d--public/mcp-preview/ebf5e30f-6a2d-496c-b6a7-221c6bf2d64f.mp3
24	f38a88a5f5e544a09940ce3e6e69c71e	https://storage.googleapis.com/adm--audio-playback--7d--public/mcp-preview/a5a7bbf7-592e-499c-a552-981ac730131a.mp3
25	98b1a06a4c2947ca97ca26abe1a49b86	https://storage.googleapis.com/adm--audio-playback--7d--public/mcp-preview/4fe15e9b-ed54-49d9-bc14-002562d3b517.mp3
26	fc7a3780c99547288e1d80f196866a83	https://storage.googleapis.com/adm--audio-playback--7d--public/mcp-preview/26d40576-de4c-429c-8b00-5ee85c8ee6b5.mp3
27	9f376e1ccdbb4873a051b33b40d39ea3	https://storage.googleapis.com/adm--audio-playback--7d--public/mcp-preview/a0afb556-0d5b-4de1-83c3-64cad2af92f8.mp3
28	f76b80462c16497d843e72735c64ff53	https://storage.googleapis.com/adm--audio-playback--7d--public/mcp-preview/dcab6427-93a1-47a9-9dbb-3a3c018ad933.mp3
29	689c52389dcb43f69e3f03e31a81c49b	https://storage.googleapis.com/adm--audio-playback--7d--public/mcp-preview/5164e3dc-84ee-4483-a8ef-e0e9fc787d9e.mp3
30	31da37c520864523ad3cf15fd7520bfd	https://storage.googleapis.com/adm--audio-playback--7d--public/mcp-preview/20d08ec9-d8f5-4abc-a90e-bc1e9126cbb4.mp3
31	84adc174ac854cc78fb44527df04004a	https://storage.googleapis.com/adm--audio-playback--7d--public/mcp-preview/66e24e17-65c2-4fd0-a546-b41b2157bbf8.mp3
32	e0fa4979839a484a93e66b747e27df53	https://storage.googleapis.com/adm--audio-playback--7d--public/mcp-preview/1e4e3b37-a055-437f-a1d7-691603ca93e7.mp3
33	2973c8aca4bc4c699a79470b616cc082	https://storage.googleapis.com/adm--audio-playback--7d--public/mcp-preview/03c04e46-6688-417b-aedd-a7c9859c18e7.mp3
34	ed0ffa06b0c34f33868376bdb8456f83	https://storage.googleapis.com/adm--audio-playback--7d--public/mcp-preview/06023f43-66ac-48c8-9a9f-d397e353bd3b.mp3
35	0592ac7d37b948fc904fc9e147bb5d5e	https://storage.googleapis.com/adm--audio-playback--7d--public/mcp-preview/5532610f-4398-4a3e-b897-9f2dffa63158.mp3
36	2e9a5522fdeb4c149f0decfbe20ede50	https://storage.googleapis.com/adm--audio-playback--7d--public/mcp-preview/9b1b0cec-ef05-46ae-85d5-48656270aa65.mp3
