take	bytes	duration_seconds	sha256	preview_url
01	414720	25.920000	397d17e70fef47367bccb22293b6b19d9d2d05f20b46292af172f91e81a1e12e	https://storage.googleapis.com/adm--audio-playback--7d--public/mcp-preview/b1ab77e6-d039-4818-9986-8d5042767737.mp3
02	421248	26.328000	b9b020437dacafb5445c85b20f98e3dffc201a96b1ab9a15c888b6a047d5b65d	https://storage.googleapis.com/adm--audio-playback--7d--public/mcp-preview/1a115613-caf8-41ac-8214-bf6b78d8ff02.mp3
03	441216	27.576000	4e602620f0293e87723853f3c5e7c83a5b68793a33754f59c106b30e9dbf67b7	https://storage.googleapis.com/adm--audio-playback--7d--public/mcp-preview/952516ec-8883-48c1-b4b5-fbf7fe29d179.mp3
04	470016	29.376000	f874693bb6841541425c1371e6cd46fe3fd687df4a11fba795d554ec6697288e	https://storage.googleapis.com/adm--audio-playback--7d--public/mcp-preview/46b3c7f8-8c27-4119-8003-488da60bc9cc.mp3
05	475776	29.736000	68ea933d54d6a7aca2422fb4913e554cf9251b88f7513b27d74479db37c55638	https://storage.googleapis.com/adm--audio-playback--7d--public/mcp-preview/e218bb6f-1bae-4ffb-a8f7-131a96ac3b70.mp3
06	475008	29.688000	4da5d511d2a6aab5c3bbb2d0fef1cb077b8f1b704770a14d017b91b83ab72536	https://storage.googleapis.com/adm--audio-playback--7d--public/mcp-preview/d53cc9a6-b75d-4d5d-8f33-96c06714440a.mp3
07	468480	29.280000	599bd75ec6c1cf187bb91bead78c5e91b35acbb567384a35b8542d5522bad325	https://storage.googleapis.com/adm--audio-playback--7d--public/mcp-preview/d17c904f-6fc8-4653-84a1-d0652fca9a86.mp3
08	475008	29.688000	883ac4a0d293f59c0675496a47729c2830517a018ad6d6156e2fb9b37de876b7	https://storage.googleapis.com/adm--audio-playback--7d--public/mcp-preview/49a97f3c-4517-44db-8801-ce82502d5c07.mp3
09	470400	29.400000	757d98a1b15a925d0e9e69bafe18d101e260824e6b75ae8a953ef83ee6ff90f7	https://storage.googleapis.com/adm--audio-playback--7d--public/mcp-preview/27b7e0e4-bd3c-469f-9f3d-3508d070e693.mp3
10	481920	30.120000	ab6028573236b00a6149b1f8c57580ad52fc40c78925ae1991838b54c6469250	https://storage.googleapis.com/adm--audio-playback--7d--public/mcp-preview/49388fd2-648d-4dad-9b21-f865ee8a7e52.mp3
11	447360	27.960000	1f18e6a9f6db172083e37ad10f05a67a58b4aeac3c55a2891152682cfe99835f	https://storage.googleapis.com/adm--audio-playback--7d--public/mcp-preview/db9dd236-2719-4d04-9d7a-079bc925d353.mp3
12	477696	29.856000	d2c3261008790533f9d37b393a6677f5835a9abfc1f6e31175d45d79fa69ca59	https://storage.googleapis.com/adm--audio-playback--7d--public/mcp-preview/2146f2d4-04a7-4dbb-b262-68fcb3e21fc8.mp3
13	408576	25.536000	6afd3b6fe2f3106d5013c7aa36f4622b49a09add2f030fb0c9cf163f0ea93688	https://storage.googleapis.com/adm--audio-playback--7d--public/mcp-preview/28b2ccdd-f456-4ff8-acd8-a6cea7104bfb.mp3
14	429312	26.832000	1f3ae13354b05b1cfd836e6a4041a0553d6a026263b331e94a464553d5caca9e	https://storage.googleapis.com/adm--audio-playback--7d--public/mcp-preview/0466b258-2b94-453c-a602-7d8f0d1f41a1.mp3
15	430848	26.928000	b4251b354b72e2725eccd7dd15ef3f4e37276e7ddc6a2d52bd4c2450a4aff23d	https://storage.googleapis.com/adm--audio-playback--7d--public/mcp-preview/3bb21a6b-ddee-4165-b460-474ec2699999.mp3
16	457344	28.584000	143ba5b642a29779047335295765d0c74ce37a250600bf90772e70b77a6038ae	https://storage.googleapis.com/adm--audio-playback--7d--public/mcp-preview/b23ab327-6630-4330-94bb-8a095eaf24e1.mp3
17	430848	26.928000	5eed8cea78eb192f90cdd4a5b966bcdc5645118766f6c728a44c7c3e057038cc	https://storage.googleapis.com/adm--audio-playback--7d--public/mcp-preview/85afdf12-8c85-44a4-8c51-d3356b6a01ec.mp3
18	430464	26.904000	d187a12b67556efdd5319403366a5608f9c08d70e43e77f62481455dfe4d8400	https://storage.googleapis.com/adm--audio-playback--7d--public/mcp-preview/9ae9bd2a-f3f3-41fb-9928-21e15d095792.mp3
19	408192	25.512000	b946101e4f8ee8be3931cccfe6e306eb40a8e69202f506bf7d85804669ddc7e2	https://storage.googleapis.com/adm--audio-playback--7d--public/mcp-preview/5f9065d7-ec5d-4b8f-9ce2-41e45e69b73e.mp3
20	344832	21.552000	b88fca918626d0bd313f8016719d4bbcbbea353c4890571d90c33230712af051	https://storage.googleapis.com/adm--audio-playback--7d--public/mcp-preview/86f98cd8-1f02-451b-bc4a-92996d0e0de9.mp3
21	397824	24.864000	8d7a1a60b3e8424eb10accf6f195cee6c45d0620a5ec0dea0711a71f7d9343cd	https://storage.googleapis.com/adm--audio-playback--7d--public/mcp-preview/1b032591-11b1-4c39-a46a-64480d63c4f1.mp3
22	398592	24.912000	3f0bb9c5ced224c8c4af2bccde2f466b381f5437889ec514a3dd9f92a318d789	https://storage.googleapis.com/adm--audio-playback--7d--public/mcp-preview/acb4a772-6828-47b4-8ae1-0a869810eb1e.mp3
23	377472	23.592000	b987a6bc3316bc324c1d1477858397d6da5d9e84fac4829e10148f242e0caee6	https://storage.googleapis.com/adm--audio-playback--7d--public/mcp-preview/9049465f-0ceb-4fe3-ba05-fa8515c74b01.mp3
24	430080	26.880000	c75f1b3f391f02380a6a380b86c954f3b371a226066bae60db11552f8f19fb16	https://storage.googleapis.com/adm--audio-playback--7d--public/mcp-preview/11d0ec0b-8b93-4fb8-b5c1-c216e1c2ed6c.mp3
25	403968	25.248000	211a5d42fc3f4356d7986cfc84d63f1d2d968aa68c100d307be2a259b32c2881	https://storage.googleapis.com/adm--audio-playback--7d--public/mcp-preview/a73bee5a-401d-44d7-8686-1ea9a6e330e0.mp3
26	420480	26.280000	890db61ff5631b8872052ad93e3408bcfd9cc46237da1c8778f1105aedcaf8c4	https://storage.googleapis.com/adm--audio-playback--7d--public/mcp-preview/1f567722-df52-4e26-b5d5-b7f772f89a5d.mp3
27	436224	27.264000	4738d77b4e39a491ea51bd1f896e4a8848bc90311ef9c76614db4b4b48ba54f7	https://storage.googleapis.com/adm--audio-playback--7d--public/mcp-preview/32033e80-efa5-4157-81a1-0ac5501a06dd.mp3
28	443520	27.720000	4311c5cf23cf9f17f5f4031d35f9c8aa7f7acbfda25e2b9f07545aa43aa748ec	https://storage.googleapis.com/adm--audio-playback--7d--public/mcp-preview/bc78df64-fbdf-4b99-a7fc-42843a406428.mp3
29	465024	29.064000	d3c8388316058b5cce1a8e33503f6399a391a2760fc5ababa9a2636fb0378386	https://storage.googleapis.com/adm--audio-playback--7d--public/mcp-preview/78913013-54d4-4a08-a94a-d43140fee64b.mp3
30	458496	28.656000	942a56575327a8e1076946b8619b5a6e08816f3cce886fc366b304bcdbb4c1d2	https://storage.googleapis.com/adm--audio-playback--7d--public/mcp-preview/e5dca7a6-21cc-4a9e-9f33-99722724bc7e.mp3
31	426624	26.664000	bc736ecc874e4d0ee52c3c3bec1e0fb669faafde1b80c1ccdc5a1bfd3edc3262	https://storage.googleapis.com/adm--audio-playback--7d--public/mcp-preview/8197f148-e1f5-4bef-938b-25e936b06f60.mp3
32	354432	22.152000	783a0b3ea8ee9d5501f553685fbea5c676894cc7770d5002572ff9e0c3150da6	https://storage.googleapis.com/adm--audio-playback--7d--public/mcp-preview/a6e5c8d0-a38a-4098-8ae5-9272ac2397fc.mp3
33	285312	17.832000	6897b04078c9e60099653e1529dde4e1118fb1592a4fb8375d925a6435b36ee6	https://storage.googleapis.com/adm--audio-playback--7d--public/mcp-preview/f1dc8447-a1e9-4230-9795-20786ce90871.mp3
